<?xml version="1.0" encoding="utf-8"?>
<Document>
  <SW.Blocks.InstanceDB ID="0">
    <AttributeList>
      <HeaderAuthor>AV</HeaderAuthor>
      <HeaderFamily>D</HeaderFamily>
      <HeaderName>_HMI</HeaderName>
      <HeaderVersion>0.1</HeaderVersion>
      <InstanceOfName>lib_udt_DSensor_HMI</InstanceOfName>
      <InstanceOfType>UDT</InstanceOfType>
      <Interface>
        <Sections xmlns="http://www.siemens.com/automation/Openness/SW/Interface/v1">
          <Section Name="Static" />
        </Sections>
      </Interface>
      <MemoryLayout>Optimized</MemoryLayout>
      <Name>D_DI7_S3_HMI</Name>
      <Number>50047</Number>
      <ProgrammingLanguage>DB</ProgrammingLanguage>
    </AttributeList>
    <ObjectList>
      <MultilingualText ID="1" CompositionName="Comment">
        <ObjectList>
          <MultilingualTextItem ID="2" CompositionName="Items">
            <AttributeList>
              <Culture>en-US</Culture>
              <Text>=PRE+Field::Парогенератор і бойлерна - загазованість HH DI7.Параметри:Err;NC; . Зв'язок з НМІ</Text>
            </AttributeList>
          </MultilingualTextItem>
          <MultilingualTextItem ID="3" CompositionName="Items">
            <AttributeList>
              <Culture>uk-UA</Culture>
              <Text>=PRE+Field::Парогенератор і бойлерна - загазованість HH DI7.Параметри:Err;NC; . Зв'язок з НМІ</Text>
            </AttributeList>
          </MultilingualTextItem>
        </ObjectList>
      </MultilingualText>
      <MultilingualText ID="4" CompositionName="Title">
        <ObjectList>
          <MultilingualTextItem ID="5" CompositionName="Items">
            <AttributeList>
              <Culture>en-US</Culture>
              <Text>DI7</Text>
            </AttributeList>
          </MultilingualTextItem>
          <MultilingualTextItem ID="6" CompositionName="Items">
            <AttributeList>
              <Culture>uk-UA</Culture>
              <Text>DI7</Text>
            </AttributeList>
          </MultilingualTextItem>
        </ObjectList>
      </MultilingualText>
    </ObjectList>
  </SW.Blocks.InstanceDB>
</Document>